{
  "project_info": {
    "project_number": "263453514278",
    "firebase_url": "https://androidproject-c1ecd.firebaseio.com",
    "project_id": "androidproject-c1ecd",
    "storage_bucket": "androidproject-c1ecd.appspot.com"
  },
  "client": [
    {
      "client_info": {
        "mobilesdk_app_id": "1:263453514278:android:b3fbf33e9831da43",
        "android_client_info": {
          "package_name": "com.example.macstudent.secondweek"
        }
      },
      "oauth_client": [
        {
          "client_id": "263453514278-pnt16c8fc5omhs4kvfm6i80s1bk9bd3b.apps.googleusercontent.com",
          "client_type": 3
        }
      ],
      "api_key": [
        {
          "current_key": "AIzaSyDyOpDg16M_yNcdSUBFNS-e5-4rm-gbmh8"
        }
      ],
      "services": {
        "analytics_service": {
          "status": 1
        },
        "appinvite_service": {
          "status": 1,
          "other_platform_oauth_client": []
        },
        "ads_service": {
          "status": 2
        }
      }
    }
  ],
  "configuration_version": "1"
}